variable,count,mean,std,min,25%,50%,75%,max,original
dummy1,1000.0,8.267856874808915e-05,0.009331175776819415,-0.0323557168576869,-0.00641792541588685,0.00014737693828330002,0.006620984239266775,0.0298973024930546,0.0101504553381772
dummy2,1000.0,4.9026259826281334e-05,0.011014240491635968,-0.0325287225158206,-0.007265929218626625,0.00015188597537640002,0.00724924751703315,0.0324541067103822,0.0303596033099857
x1,1000.0,0.03903845279770061,3.124581956660254,-9.200369224540436,-1.8701294162514097,-0.029081707312948853,2.097776610388264,28.20386211014361,28.20386211014361
x2,1000.0,0.10638520546396799,8.068577624089762,-24.752949964830364,-5.431065722744286,-0.22923671512393134,5.262202598893935,75.05171826173492,75.05171826173492
x3,1000.0,0.0767202933106673,1.899072273677988,-5.123420150094709,-1.1310519830665173,0.03852834212135995,1.2913975128135409,17.757560207545193,17.757560207545193
